{
  "architecture": "mobilenet_v3_small",
  "generated_at": "2026-03-29T19:13:52.098426+00:00",
  "input_size": 128,
  "channels": 3,
  "class_names": [
    "not_milady",
    "milady"
  ],
  "mean": [
    0.485,
    0.456,
    0.406
  ],
  "std": [
    0.229,
    0.224,
    0.225
  ],
  "positive_index": 1,
  "threshold": 0.8404529690742493,
  "run_id": "20260329T181946Z"
}
