{
  "architecture": "mobilenet_v3_small",
  "generated_at": "2026-04-01T14:25:26.333828+00:00",
  "input_size": 128,
  "channels": 3,
  "class_names": [
    "not_milady",
    "milady"
  ],
  "mean": [
    0.485,
    0.456,
    0.406
  ],
  "std": [
    0.229,
    0.224,
    0.225
  ],
  "positive_index": 1,
  "threshold": 0.5837275385856628,
  "run_id": "20260401T121312Z"
}
